{"_timestamp": 1588029580.8302484, "_runtime": 10631.395104646683, "val_kaggle_metric": 0.9711353388148782, "train_loss": 0.03974314033985138, "val_loss": 0.9254841804504395, "_step": 49, "train_acc": 0.9958819492107069, "val_acc": 0.9478021978021978, "epoch": 100, "train_kaggle_metric": 0.9997349796820045}
