{"epoch": 50, "_timestamp": 1587862783.4807537, "train_acc": 0.9862637362637363, "train_loss": 0.18497483432292938, "_runtime": 5753.466869354248, "_step": 9, "val_acc": 0.9178082191780822, "val_kaggle_metric": 0.9500177934998976, "train_kaggle_metric": 0.9994386713800538, "val_loss": 1.638384222984314}
