Iteration,Score
0,0.876116766360193
1,0.8858853212617148
