Iteration,Score
-1,0.6358480980556254
0,0.6334973158740175
1,0.671411116559539
2,0.5487882315536564
