Iteration,Score
0,0.9900471783155168
1,0.9800338278008296
2,0.9804954492901284
3,0.9854863741447214
4,0.988260089110945
5,0.9940453764159526
6,0.9899486508084832
7,0.9852897002740703
8,0.9893683366387227
9,0.9916346279481583
10,0.9918194633125017
