{"val_kaggle_metric": 0.922720623339565, "train_kaggle_metric": 0.9977300888197869, "val_acc": 0.9095890410958904, "_runtime": 5367.395124435425, "val_loss": 1.5142755508422852, "_timestamp": 1587923812.5470157, "_step": 24, "train_loss": 0.19462238252162933, "train_acc": 0.9862637362637363, "epoch": 50}
