{"_runtime": 5606.3102996349335, "train_kaggle_metric": 0.9991816338083941, "val_loss": 1.9748876094818115, "epoch": 50, "val_acc": 0.9148351648351648, "val_kaggle_metric": 0.9359164360383099, "train_acc": 0.9890185312285518, "_timestamp": 1587683209.5530376, "_step": 9, "train_loss": 0.12130926549434662}
