{"train_kaggle_metric": 0.9979137421844729, "val_kaggle_metric": 0.9355478564121862, "val_acc": 0.9313186813186813, "train_loss": 0.15339235961437225, "epoch": 50, "_runtime": 5621.571423768997, "_step": 9, "_timestamp": 1587694480.3409035, "val_loss": 1.5963407754898071, "train_acc": 0.9855868222374743}
