{"_timestamp": 1587868548.575249, "_runtime": 5757.052237272263, "epoch": 50, "train_loss": 0.21628838777542114, "_step": 9, "train_kaggle_metric": 0.9959297596260202, "val_kaggle_metric": 0.9313480692150446, "val_acc": 0.9123287671232877, "train_acc": 0.9821428571428571, "val_loss": 1.8517440557479858}
