{"val_kaggle_metric": 0.9243365529883325, "val_loss": 1.4002811908721924, "_timestamp": 1587697857.7083964, "train_kaggle_metric": 0.9970643109744428, "epoch": 30, "_runtime": 3368.588751554489, "_step": 5, "train_acc": 0.9835277968428278, "train_loss": 0.2012803554534912, "val_acc": 0.9285714285714286}
