epoch,Loss ( Val ),Loss ( Train ),Accuracy ( Val ),Accuracy ( Train ),ROC ( Val ),ROC ( Train )
0,1.581892490386963,1.4901484251022339,0.3434065934065934,0.3404255319148936,0.5,0.4996980634408571
