{"val_acc": 0.9258241758241759, "val_kaggle_metric": 0.9548628011957718, "_runtime": 703.2381854057312, "_timestamp": 1588001398.1195211, "val_loss": 1.6984450817108154, "_step": 2, "train_acc": 0.9855868222374743, "train_kaggle_metric": 0.9991469034108313, "epoch": 6, "train_loss": 0.24779102206230164}
