{"_step": 50, "epoch": 50, "val_kaggle_metric": 0.558004415483024, "train_acc": 0.8668496911461908, "val_loss": 25.33481216430664, "_runtime": 4962.307378292084, "train_loss": 0.2806503474712372, "val_acc": 0.34065934065934067, "train_kaggle_metric": 0.9125583989147305, "_timestamp": 1587336958.1738586}
