epoch,Loss ( Val ),Loss ( Train ),Accuracy ( Val ),Accuracy ( Train ),ROC ( Val ),ROC ( Train )
0,1.2456755638122559,1.3370410203933716,0.3324175824175824,0.3150308853809197,0.49704034846870615,0.49517840511077804
