epoch,Loss ( Val ),Loss ( Train ),Accuracy ( Val ),Accuracy ( Train ),ROC ( Val ),ROC ( Train )
1,1.0895401239395142,1.2663716077804565,0.6181318681318682,0.5442690459849004,0.786268407544198,0.7022134116290712
