epoch,Loss ( Val ),Loss ( Train ),Accuracy ( Val ),Accuracy ( Train ),ROC ( Val ),ROC ( Train )
0,1.2983911037445068,1.343908667564392,0.3434065934065934,0.3191489361702128,0.5080470758324532,0.5025981792241758
1,1.1765754222869873,1.1561092138290405,0.3131868131868132,0.2855181880576527,0.5043860884423083,0.5037276486271784
