epoch,Loss ( Val ),Loss ( Train ),Accuracy ( Val ),Accuracy ( Train ),Kaggle Metric ( Val ),Kaggle Metric ( Train )
1,7.08842134475708,7.650740623474121,0.554945054945055,0.43308167467398767,0.7111941745234793,0.6052436548671312
2,5.865683078765869,6.503833770751953,0.6813186813186813,0.5641729581331503,0.7961268328305551,0.7148524774265471
