epoch,Loss ( Val ),Loss ( Train ),Accuracy ( Val ),Accuracy ( Train ),ROC ( Val ),ROC ( Train )
0,1.2518137693405151,1.3092652559280396,0.33791208791208793,0.31297185998627314,0.5016013634912131,0.49823560402255695
1,1.1837117671966553,1.1729944944381714,0.3159340659340659,0.29238160603980784,0.4928893687284098,0.5143623486555583
