epoch,Loss ( Val ),Loss ( Train ),Accuracy ( Val ),Accuracy ( Train ),ROC ( Val ),ROC ( Train )
0,1.2409601211547852,1.3069212436676025,0.33516483516483514,0.3150308853809197,0.49869688755980446,0.5016641489829985
1,1.1723437309265137,1.1477304697036743,0.3159340659340659,0.2862045298558682,0.5008326829640669,0.5017234227634727
