epoch,Loss ( Val ),Loss ( Train ),Accuracy ( Val ),Accuracy ( Train ),ROC ( Val ),ROC ( Train )
1,11.205835342407227,8.789076805114746,0.12637362637362637,0.3459162663006177,0.5511237463861588,0.5597692918497406
2,11.45356273651123,7.227188587188721,0.11538461538461539,0.5030885380919699,0.6366399820796752,0.6792912897478711
