epoch,Loss ( Val ),Loss ( Train ),Accuracy ( Val ),Accuracy ( Train ),ROC ( Val ),ROC ( Train )
0,1.2175683975219727,1.3352670669555664,0.32967032967032966,0.31228551818805766,0.4968112629244103,0.4964577221358611
