epoch,Loss ( Val ),Loss ( Train ),Accuracy ( Val ),Accuracy ( Train ),ROC ( Val ),ROC ( Train )
0,1.2170346975326538,1.293925166130066,0.3269230769230769,0.30061770761839396,0.49503897312500644,0.49323661892591186
1,1.1983840465545654,1.1657580137252808,0.3269230769230769,0.2882635552505148,0.5102071190968067,0.5034808509821119
