epoch,Loss ( Val ),Loss ( Train ),Accuracy ( Val ),Accuracy ( Train ),ROC ( Val ),ROC ( Train )
1,3.2007479667663574,2.185363292694092,0.28296703296703296,0.2237474262182567,0.5074956851129031,0.5180210256054992
