epoch,Loss ( Val ),Loss ( Train ),Accuracy ( Val ),Accuracy ( Train ),ROC ( Val ),ROC ( Train )
1,12.98977279663086,8.76108169555664,0.08241758241758242,0.3466026080988332,0.5487882315536564,0.5599339292829557
