{"_step": 14, "train_loss": 0.07009527087211609, "val_acc": 0.9313186813186813, "train_acc": 0.9931365820178449, "_timestamp": 1588004808.3347394, "epoch": 30, "val_kaggle_metric": 0.9531779791902234, "_runtime": 3273.9070982933044, "val_loss": 1.7381426095962524, "train_kaggle_metric": 0.9997886931853792}
