{"train_loss": 0.22899234294891357, "val_kaggle_metric": 0.9627674564487407, "train_kaggle_metric": 0.9924694253508407, "val_loss": 0.8453598022460938, "_step": 14, "val_acc": 0.9395604395604396, "_timestamp": 1587981068.4692442, "epoch": 30, "_runtime": 1806.1168236732483, "train_acc": 0.9787234042553191}
