{"val_kaggle_metric": 0.8417816628190902, "_timestamp": 1587325911.7468407, "epoch": 14, "_step": 14, "val_loss": 0.7007462978363037, "_runtime": 1486.8488810062408, "train_kaggle_metric": 0.8488196933486983, "val_acc": 0.8131868131868132, "train_acc": 0.7728208647906658, "train_loss": 0.21619856357574463}
