epoch,Loss ( Val ),Loss ( Train ),Accuracy ( Val ),Accuracy ( Train ),ROC ( Val ),ROC ( Train )
0,1.898902177810669,1.4193569421768188,0.28846153846153844,0.24296499656829101,0.5706769291369754,0.5264935301358799
1,1.5526156425476074,1.154718279838562,0.29120879120879123,0.2896362388469458,0.5694117774558474,0.5423443863539014
