{"_step": 9, "_timestamp": 1587874306.8192499, "epoch": 50, "_runtime": 5749.195530176163, "train_loss": 0.1326684206724167, "train_kaggle_metric": 0.9995508687194407, "val_kaggle_metric": 0.9222401645676632, "val_loss": 2.8877365589141846, "val_acc": 0.863013698630137, "train_acc": 0.9855769230769231}
