{"epoch": 100, "train_loss": 0.16448955237865448, "val_loss": 0.9698807597160339, "train_kaggle_metric": 0.9970865980946039, "val_acc": 0.9397260273972603, "_timestamp": 1588018941.6215923, "train_acc": 0.9828296703296703, "_runtime": 10681.876274108887, "val_kaggle_metric": 0.9644942670162402, "_step": 49}
