{"train_kaggle_metric": 0.9988289237146656, "val_kaggle_metric": 0.9651554518638146, "train_acc": 0.9842032967032966, "train_loss": 0.1847381591796875, "epoch": 50, "_timestamp": 1587880133.7248464, "val_loss": 1.2471611499786377, "_runtime": 5818.345462322235, "val_acc": 0.9232876712328767, "_step": 9}
