epoch,Loss ( Val ),Loss ( Train ),Accuracy ( Val ),Accuracy ( Train ),Kaggle Metric ( Val ),Kaggle Metric ( Train )
1,1.1002423815674833,1.3427300041639896,0.6126373626373627,0.3369938229238161,0.8153151254420349,0.5095480780791056
2,1.06160018994258,1.2768834407147922,0.5384615384615384,0.40768702814001373,0.8777738949288564,0.5832519841709465
