{"val_loss": 1.5557904243469238, "_timestamp": 1587754510.8705523, "val_kaggle_metric": 0.9650187121948184, "_step": 9, "train_acc": 0.9951923076923077, "_runtime": 4940.417098283768, "val_acc": 0.936986301369863, "train_kaggle_metric": 0.9998582974980826, "train_loss": 0.02948346547782421, "epoch": 50}
