{"_step": 9, "val_acc": 0.9560439560439561, "train_kaggle_metric": 0.9991382111478337, "train_acc": 0.9958819492107069, "_timestamp": 1587766073.185303, "train_loss": 0.03611484542489052, "epoch": 50, "val_loss": 0.4806005358695984, "_runtime": 3437.8872747421265, "val_kaggle_metric": 0.9617739098147577}
