{"train_kaggle_metric": 0.8877807015131879, "val_kaggle_metric": 0.8039053246667842, "_step": 50, "val_loss": 1.3901443481445312, "epoch": 50, "_timestamp": 1587341939.4294045, "_runtime": 4972.392568826675, "train_acc": 0.8284145504461222, "train_loss": 0.13038185238838196, "val_acc": 0.7554945054945055}
