{"_runtime": 3424.5370512008667, "train_kaggle_metric": 0.9613457354131221, "train_loss": 0.3201356530189514, "_step": 9, "val_loss": 0.5900197625160217, "epoch": 50, "val_kaggle_metric": 0.9604933347893668, "_timestamp": 1587759138.4782572, "val_acc": 0.9342465753424658, "train_acc": 0.9635989010989011}
