{"epoch": 50, "_runtime": 4974.663030862808, "val_loss": 0.46596741676330566, "_step": 50, "val_kaggle_metric": 0.8900347554624086, "train_acc": 0.9375428963623885, "train_loss": 0.007168665993958712, "val_acc": 0.9285714285714286, "_timestamp": 1587331988.6919909, "train_kaggle_metric": 0.9640914501609996}
