{"train_kaggle_metric": 0.9999490366184166, "train_loss": 0.04912649467587471, "_runtime": 3102.1761181354523, "val_acc": 0.9313186813186813, "val_loss": 1.7549166679382324, "epoch": 30, "_timestamp": 1587998436.3921514, "_step": 5, "train_acc": 0.9951956074124915, "val_kaggle_metric": 0.9479655281004178}
