{"val_acc": 0.5769230769230769, "train_acc": 0.7309540150995195, "_step": 4, "_runtime": 500.5963909626007, "train_loss": 0.26222044229507446, "val_loss": 0.4521157741546631, "epoch": 4, "val_kaggle_metric": 0.7740433267975765, "train_kaggle_metric": 0.8279032544525025, "_timestamp": 1587326797.4747858}
