{"epoch": 50, "_timestamp": 1587712272.994151, "val_kaggle_metric": 0.9710508226121339, "val_acc": 0.9395604395604396, "train_kaggle_metric": 0.9989329180428665, "train_acc": 0.9821551132463967, "_runtime": 5540.721519470215, "_step": 9, "val_loss": 1.3475600481033325, "train_loss": 0.17937934398651123}
