{"val_kaggle_metric": 0.9633904539769587, "epoch": 2, "train_loss": 2.3827462196350098, "_step": 0, "train_kaggle_metric": 0.9357729801016691, "val_loss": 1.7541704177856445, "_timestamp": 1587918167.7897499, "train_acc": 0.8605769230769231, "val_acc": 0.9068493150684932, "_runtime": 220.96218633651733}
