{"val_loss": 0.951369047164917, "_timestamp": 1587769513.169119, "epoch": 50, "val_acc": 0.9230769230769231, "_step": 9, "train_loss": 0.0587426982820034, "val_kaggle_metric": 0.9482529792517689, "_runtime": 3433.221487045288, "train_kaggle_metric": 0.9993618058621718, "train_acc": 0.9931365820178449}
