epoch,Loss ( Val ),Loss ( Train ),Accuracy ( Val ),Accuracy ( Train ),ROC ( Val ),ROC ( Train )
0,1.8988020420074463,1.8356126546859741,0.2445054945054945,0.23335621139327384,0.552974580508481,0.5026639695756729
1,1.8095589876174927,1.5705468654632568,0.25274725274725274,0.27590940288263555,0.5548624075211996,0.5294876506137124
2,1.684930682182312,1.5775954723358154,0.23076923076923078,0.29718599862731643,0.5079069100037819,0.5244356302350954
3,1.8116003274917603,1.663796305656433,0.24725274725274726,0.29512697323266984,0.5412496353682991,0.5298881029055078
4,1.6326745748519897,1.6965031623840332,0.2554945054945055,0.3143445435827042,0.5482461032010307,0.5503960203179361
5,1.9412206411361694,1.6184053421020508,0.20054945054945056,0.2903225806451613,0.5108660730382204,0.5319833650544727
6,1.7119815349578857,1.84211266040802,0.30494505494505497,0.2910089224433768,0.5865303433379673,0.5164669969875506
7,1.7759063243865967,1.6417979001998901,0.260989010989011,0.2868908716540837,0.5421800828273542,0.5185384024089718
8,1.6064426898956299,1.7587430477142334,0.34065934065934067,0.2855181880576527,0.5699735779456375,0.5344873687570685
