{"_runtime": 1988.3728170394897, "_timestamp": 1587324328.0257566, "_step": 19, "epoch": 19, "val_loss": 1.4995445013046265, "val_acc": 0.6016483516483516, "val_kaggle_metric": 0.7759837554459583, "train_acc": 0.820178448867536, "train_kaggle_metric": 0.8893927861555357, "train_loss": 0.15418784320354462}
