{"_timestamp": 1587833949.6871705, "train_kaggle_metric": 0.9977710350739875, "_step": 9, "epoch": 50, "train_loss": 0.14646488428115845, "val_acc": 0.7095890410958904, "val_kaggle_metric": 0.7974481115465459, "train_acc": 0.9903846153846154, "val_loss": 12.852951049804688, "_runtime": 4954.870583772659}
