epoch,Loss ( Val ),Loss ( Train ),Accuracy ( Val ),Accuracy ( Train ),ROC ( Val ),ROC ( Train )
0,5.640806198120117,3.53080153465271,0.28296703296703296,0.25806451612903225,0.5,0.5064065730124219
1,3.651535987854004,2.958958148956299,0.28296703296703296,0.25806451612903225,0.5144030925919834,0.5122674458501361
