{"epoch": 2, "_step": 0, "val_kaggle_metric": 0.9633904539769587, "_timestamp": 1587917570.4488344, "train_acc": 0.8605769230769231, "train_loss": 2.3827462196350098, "_runtime": 218.48827981948853, "val_acc": 0.9068493150684932, "train_kaggle_metric": 0.9357729801016691, "val_loss": 1.7541704177856445}
