{"epoch": 50, "train_loss": 0.03687060624361038, "train_acc": 0.9958791208791209, "train_kaggle_metric": 0.9998244982720546, "_step": 9, "val_acc": 0.947945205479452, "_runtime": 5029.2723300457, "val_loss": 1.0021508932113647, "_timestamp": 1587823614.5951698, "val_kaggle_metric": 0.978514467020322}
