{"_runtime": 1833.4464945793152, "_step": 11, "train_acc": 0.9691146190803019, "train_loss": 0.26934170722961426, "train_kaggle_metric": 0.9908254986419198, "epoch": 24, "val_acc": 0.9285714285714286, "val_kaggle_metric": 0.9675944176595612, "_timestamp": 1587977228.6718345, "val_loss": 0.7192500829696655}
