{"train_loss": 0.2268141806125641, "train_acc": 0.9821428571428571, "val_kaggle_metric": 0.9474188122038246, "_timestamp": 1587857021.4501834, "epoch": 50, "_step": 9, "_runtime": 5750.126896858215, "val_acc": 0.9287671232876712, "train_kaggle_metric": 0.9987908354299416, "val_loss": 1.5269302129745483}
