{"train_acc": 0.9876458476321208, "_timestamp": 1587741189.4010057, "val_acc": 0.9368131868131868, "val_loss": 0.6135480999946594, "train_kaggle_metric": 0.996645574289931, "val_kaggle_metric": 0.9757630074253829, "train_loss": 0.13327662646770477, "_step": 9, "epoch": 50, "_runtime": 3539.6097502708435}
