{"val_kaggle_metric": 0.9436038730966206, "_step": 9, "_runtime": 3480.514451265335, "val_acc": 0.9340659340659341, "epoch": 50, "train_kaggle_metric": 0.9974209223181296, "train_acc": 0.9759780370624571, "val_loss": 1.0116537809371948, "train_loss": 0.16033895313739777, "_timestamp": 1587762626.9127917}
