{"val_kaggle_metric": 0.9401819904969595, "train_loss": 0.12460550665855408, "_step": 9, "train_kaggle_metric": 0.9973531387056422, "val_acc": 0.9178082191780822, "_runtime": 5769.110119819641, "train_acc": 0.9917582417582418, "val_loss": 1.3949882984161377, "_timestamp": 1587851263.1521807, "epoch": 50}
