{"_step": 9, "_timestamp": 1587729875.831086, "train_kaggle_metric": 0.998752153715153, "epoch": 50, "_runtime": 2893.5679161548615, "val_loss": 1.9207953214645386, "val_acc": 0.9230769230769231, "train_loss": 0.14333893358707428, "train_acc": 0.9883321894303363, "val_kaggle_metric": 0.9316133266340707}
