{"train_loss": 0.04674529656767845, "val_loss": 0.7521376609802246, "_runtime": 10615.248219013214, "epoch": 100, "val_acc": 0.9532967032967034, "train_acc": 0.9938229238160604, "_timestamp": 1588040203.985953, "_step": 49, "val_kaggle_metric": 0.9673369662789899, "train_kaggle_metric": 0.9998351470170157}
