{"train_loss": 0.10764027386903763, "_runtime": 5632.857454538345, "_step": 9, "val_kaggle_metric": 0.953958057241658, "val_loss": 1.715116262435913, "train_acc": 0.9903912148249828, "val_acc": 0.8873626373626373, "train_kaggle_metric": 0.999093781810394, "_timestamp": 1587688850.8776307, "epoch": 50}
