epoch,Loss ( Val ),Loss ( Train ),Accuracy ( Val ),Accuracy ( Train ),ROC ( Val ),ROC ( Train )
0,1.338826298713684,1.382833480834961,0.3269230769230769,0.31983527796842826,0.5,0.49375010414632625
5,1.2637337446212769,1.2643829584121704,0.3269230769230769,0.32463967055593684,0.5,0.5071349509021452
10,1.2637337446212769,1.2643336057662964,0.3269230769230769,0.32532601235415237,0.5,0.49161126089361273
