{"_step": 9, "train_acc": 0.9663692518874399, "val_loss": 0.5183186531066895, "_timestamp": 1587772960.7025602, "_runtime": 3440.029764890671, "epoch": 50, "train_kaggle_metric": 0.990926047140419, "val_kaggle_metric": 0.9859663305394902, "train_loss": 0.28066107630729675, "val_acc": 0.9505494505494505}
