{"_runtime": 5527.475577831268, "val_loss": 2.176279306411743, "train_acc": 0.9773351648351648, "train_loss": 0.31262442469596863, "_step": 9, "epoch": 50, "_timestamp": 1587677595.8357928, "val_acc": 0.9095890410958904, "val_kaggle_metric": 0.9446329833315033, "train_kaggle_metric": 0.9950497504069264}
