{"_step": 9, "train_acc": 0.9903846153846154, "epoch": 50, "train_kaggle_metric": 0.9977710350739875, "val_kaggle_metric": 0.7974481115465459, "train_loss": 0.14646488428115845, "_timestamp": 1587828607.7632532, "_runtime": 4985.915915489197, "val_acc": 0.7095890410958904, "val_loss": 12.852951049804688}
