{"epoch": 49, "train_loss": 0.009418491274118423, "train_acc": 0.9361702127659575, "_timestamp": 1587321178.09052, "val_loss": 0.5076731443405151, "train_kaggle_metric": 0.9543927069859256, "_step": 9, "_runtime": 4764.359540939331, "val_acc": 0.9368131868131868, "val_kaggle_metric": 0.8945464481674783}
